DOC_DR_NO;DOC_NAME;referring_md_name
1;Colton Ross;Colton Ross
2;Corrie Ewald;Corrie Ewald
3;Emerson Harmon;Emerson Harmon
4;Emmalynne Hoban;Emmalynne Hoban
5;Juno Pagano;Juno Pagano
6;Charlette Turnage;Charlette Turnage
7;Malcolm Farley;Malcolm Farley
8;Leigha Wahl;Leigha Wahl
9;Samyra Motta;Samyra Motta
10;Michael Hernandez;Michael Hernandez
11;Bridgette Luu;Bridgette Luu
12;Ember Odonnell;Ember Odonnell
13;Nika Woodcock;Nika Woodcock
14;Hadleigh Pettit;Hadleigh Pettit
15;Vidal Summerlin;Vidal Summerlin
16;Nosson Mcglynn;Nosson Mcglynn
17;Johny Garwood;Johny Garwood
18;Tanya Israel;Tanya Israel
19;Ammon Fortier;Ammon Fortier
20;Kenya Major;Kenya Major
21;Jessenia Barcenas;Jessenia Barcenas
22;Jaquelyn Koval;Jaquelyn Koval
23;Karsyn Adcock;Karsyn Adcock
24;Aaleyah Leggett;Aaleyah Leggett
25;Elam Beckwith;Elam Beckwith
26;Jaziah Mckeever;Jaziah Mckeever
27;Everett Obrien;Everett Obrien
28;Yvonne Stepp;Yvonne Stepp
29;Karizma Brokaw;Karizma Brokaw
30;Sunny Mcnally;Sunny Mcnally
31;Winifred Garber;Winifred Garber
32;Jese Wehner;Jese Wehner
33;Matilde Seabolt;Matilde Seabolt
34;Olliver Setzer;Olliver Setzer
35;Kaiyah Matteson;Kaiyah Matteson
36;Jamarian Fann;Jamarian Fann
37;Dashiell Carrier;Dashiell Carrier
38;Russell Dunlap;Russell Dunlap
39;Kamille Grubbs;Kamille Grubbs
40;Brooks Juarez;Brooks Juarez
41;Natalya Duff;Natalya Duff
42;Bernardo Barclay;Bernardo Barclay
43;Saron Barrick;Saron Barrick
44;Amarii Hessler;Amarii Hessler
45;Keondre Vandusen;Keondre Vandusen
46;Iain Barden;Iain Barden
47;Rilynn Hobson;Rilynn Hobson
48;Zyair Harless;Zyair Harless
49;Romeo Gillespie;Romeo Gillespie
50;Summer Sherman;Summer Sherman